apellido1;apellido2;Nif;Nombre;mail
1;1;;1;1@1.com
2;2;;2;2@2.com
3;3;;3;3@3.com
4;4;;4;4@4.com
5;5;;5;5@5.com
6;6;;6;6@6.com
7;7;;7;7@7.com
8;8;;8;8@8.com
9;9;;9;9@9.com
10;10;;10;10@10.com
11;11;;11;11@11.com
12;12;;12;12@12.com
13;13;;13;13@13.com
14;14;;14;14@14.com
15;15;;15;15@15.com
16;16;;16;16@16.com
17;17;;17;17@17.com
18;18;;18;18@18.com
19;19;;19;19@19.com
20;20;;20;20@20.com
21;21;;21;21@21.com
22;22;;22;22@22.com
23;23;;23;23@23.com
24;24;;24;24@24.com
25;25;;25;25@25.com
26;26;;26;26@26.com
27;27;;27;27@27.com
28;28;;28;28@28.com
29;29;;29;29@29.com
30;30;;30;30@30.com
31;31;;31;31@31.com
32;32;;32;32@32.com
33;33;;33;33@33.com
34;34;;34;34@34.com
35;35;;35;35@35.com
36;36;;36;36@36.com
37;37;;37;37@37.com
38;38;;38;38@38.com
39;39;;39;39@39.com
40;40;;40;40@40.com
41;41;;41;41@41.com
42;42;;42;42@42.com
43;43;;43;43@43.com
44;44;;44;44@44.com
45;45;;45;45@45.com
46;46;;46;46@46.com
47;47;;47;47@47.com
48;48;;48;48@48.com
49;49;;49;49@49.com
50;50;;50;50@50.com
51;51;;51;51@51.com
52;52;;52;52@52.com
53;53;;53;53@53.com
54;54;;54;54@54.com
55;55;;55;55@55.com
56;56;;56;56@56.com
57;57;;57;57@57.com
58;58;;58;58@58.com
59;59;;59;59@59.com
60;60;;60;60@60.com
61;61;;61;61@61.com
62;62;;62;62@62.com
63;63;;63;63@63.com
64;64;;64;64@64.com
65;65;;65;65@65.com
66;66;;66;66@66.com
67;67;;67;67@67.com
68;68;;68;68@68.com
69;69;;69;69@69.com
70;70;;70;70@70.com
71;71;;71;71@71.com
72;72;;72;72@72.com
73;73;;73;73@73.com
74;74;;74;74@74.com
75;75;;75;75@75.com
76;76;;76;76@76.com
77;77;;77;77@77.com
78;78;;78;78@78.com
79;79;;79;79@79.com
80;80;;80;80@80.com
81;81;;81;81@81.com
82;82;;82;82@82.com
83;83;;83;83@83.com
84;84;;84;84@84.com
85;85;;85;85@85.com
86;86;;86;86@86.com
87;87;;87;87@87.com
88;88;;88;88@88.com
89;89;;89;89@89.com
90;90;;90;90@90.com
91;91;;91;91@91.com
92;92;;92;92@92.com
93;93;;93;93@93.com
94;94;;94;94@94.com
95;95;;95;95@95.com
96;96;;96;96@96.com
97;97;;97;97@97.com
98;98;;98;98@98.com
99;99;;99;99@99.com
100;100;;100;100@100.com
101;101;;101;101@101.com
102;102;;102;102@102.com
103;103;;103;103@103.com
104;104;;104;104@104.com
105;105;;105;105@105.com
106;106;;106;106@106.com
107;107;;107;107@107.com
108;108;;108;108@108.com
109;109;;109;109@109.com
110;110;;110;110@110.com
111;111;;111;111@111.com
112;112;;112;112@112.com
113;113;;113;113@113.com
114;114;;114;114@114.com
115;115;;115;115@115.com
116;116;;116;116@116.com
117;117;;117;117@117.com
118;118;;118;118@118.com
119;119;;119;119@119.com
120;120;;120;120@120.com
121;121;;121;121@121.com
122;122;;122;122@122.com
123;123;;123;123@123.com
124;124;;124;124@124.com
125;125;;125;125@125.com
126;126;;126;126@126.com
127;127;;127;127@127.com
128;128;;128;128@128.com
129;129;;129;129@129.com
130;130;;130;130@130.com
131;131;;131;131@131.com
132;132;;132;132@132.com
133;133;;133;133@133.com
134;134;;134;134@134.com
135;135;;135;135@135.com
136;136;;136;136@136.com
137;137;;137;137@137.com
138;138;;138;138@138.com
139;139;;139;139@139.com
140;140;;140;140@140.com
141;141;;141;141@141.com
142;142;;142;142@142.com
143;143;;143;143@143.com
144;144;;144;144@144.com
145;145;;145;145@145.com
146;146;;146;146@146.com
147;147;;147;147@147.com
148;148;;148;148@148.com
149;149;;149;149@149.com
150;150;;150;150@150.com
151;151;;151;151@151.com
152;152;;152;152@152.com
153;153;;153;153@153.com
154;154;;154;154@154.com
155;155;;155;155@155.com
156;156;;156;156@156.com
157;157;;157;157@157.com
158;158;;158;158@158.com
159;159;;159;159@159.com
160;160;;160;160@160.com
161;161;;161;161@161.com
162;162;;162;162@162.com
163;163;;163;163@163.com
164;164;;164;164@164.com
165;165;;165;165@165.com
166;166;;166;166@166.com
167;167;;167;167@167.com
168;168;;168;168@168.com
169;169;;169;169@169.com
170;170;;170;170@170.com
171;171;;171;171@171.com
172;172;;172;172@172.com
173;173;;173;173@173.com
174;174;;174;174@174.com
175;175;;175;175@175.com
176;176;;176;176@176.com
177;177;;177;177@177.com
178;178;;178;178@178.com
179;179;;179;179@179.com
180;180;;180;180@180.com
181;181;;181;181@181.com
182;182;;182;182@182.com
183;183;;183;183@183.com
184;184;;184;184@184.com
185;185;;185;185@185.com
186;186;;186;186@186.com
187;187;;187;187@187.com
188;188;;188;188@188.com
189;189;;189;189@189.com
190;190;;190;190@190.com
191;191;;191;191@191.com
192;192;;192;192@192.com
193;193;;193;193@193.com
194;194;;194;194@194.com
195;195;;195;195@195.com
196;196;;196;196@196.com
197;197;;197;197@197.com
198;198;;198;198@198.com
199;199;;199;199@199.com
200;200;;200;200@200.com
201;201;;201;201@201.com
202;202;;202;202@202.com
203;203;;203;203@203.com
204;204;;204;204@204.com
205;205;;205;205@205.com
206;206;;206;206@206.com
207;207;;207;207@207.com
208;208;;208;208@208.com
209;209;;209;209@209.com
210;210;;210;210@210.com
211;211;;211;211@211.com
212;212;;212;212@212.com
213;213;;213;213@213.com
214;214;;214;214@214.com
215;215;;215;215@215.com
216;216;;216;216@216.com
217;217;;217;217@217.com
218;218;;218;218@218.com
219;219;;219;219@219.com
220;220;;220;220@220.com
221;221;;221;221@221.com
222;222;;222;222@222.com
223;223;;223;223@223.com
224;224;;224;224@224.com
225;225;;225;225@225.com
226;226;;226;226@226.com
227;227;;227;227@227.com
228;228;;228;228@228.com
229;229;;229;229@229.com
230;230;;230;230@230.com
231;231;;231;231@231.com
232;232;;232;232@232.com
233;233;;233;233@233.com
234;234;;234;234@234.com
235;235;;235;235@235.com
236;236;;236;236@236.com
237;237;;237;237@237.com
238;238;;238;238@238.com
239;239;;239;239@239.com
240;240;;240;240@240.com
241;241;;241;241@241.com
242;242;;242;242@242.com
243;243;;243;243@243.com
244;244;;244;244@244.com
245;245;;245;245@245.com
246;246;;246;246@246.com
247;247;;247;247@247.com
248;248;;248;248@248.com
249;249;;249;249@249.com
250;250;;250;250@250.com
251;251;;251;251@251.com
252;252;;252;252@252.com
253;253;;253;253@253.com
254;254;;254;254@254.com
255;255;;255;255@255.com
256;256;;256;256@256.com
257;257;;257;257@257.com
258;258;;258;258@258.com
259;259;;259;259@259.com
260;260;;260;260@260.com
261;261;;261;261@261.com
262;262;;262;262@262.com
263;263;;263;263@263.com
264;264;;264;264@264.com
265;265;;265;265@265.com
266;266;;266;266@266.com
267;267;;267;267@267.com
268;268;;268;268@268.com
269;269;;269;269@269.com
270;270;;270;270@270.com
271;271;;271;271@271.com
272;272;;272;272@272.com
273;273;;273;273@273.com
274;274;;274;274@274.com
275;275;;275;275@275.com
276;276;;276;276@276.com
277;277;;277;277@277.com
278;278;;278;278@278.com
279;279;;279;279@279.com
280;280;;280;280@280.com
281;281;;281;281@281.com
282;282;;282;282@282.com
283;283;;283;283@283.com
284;284;;284;284@284.com
285;285;;285;285@285.com
286;286;;286;286@286.com
287;287;;287;287@287.com
288;288;;288;288@288.com
289;289;;289;289@289.com
290;290;;290;290@290.com
291;291;;291;291@291.com
292;292;;292;292@292.com
293;293;;293;293@293.com
294;294;;294;294@294.com
295;295;;295;295@295.com
296;296;;296;296@296.com
297;297;;297;297@297.com
298;298;;298;298@298.com
299;299;;299;299@299.com
300;300;;300;300@300.com
301;301;;301;301@301.com
302;302;;302;302@302.com
303;303;;303;303@303.com
304;304;;304;304@304.com
305;305;;305;305@305.com
306;306;;306;306@306.com
307;307;;307;307@307.com
308;308;;308;308@308.com
309;309;;309;309@309.com
310;310;;310;310@310.com
311;311;;311;311@311.com
312;312;;312;312@312.com
313;313;;313;313@313.com
314;314;;314;314@314.com
315;315;;315;315@315.com
316;316;;316;316@316.com
317;317;;317;317@317.com
318;318;;318;318@318.com
319;319;;319;319@319.com
320;320;;320;320@320.com
321;321;;321;321@321.com
322;322;;322;322@322.com
323;323;;323;323@323.com
324;324;;324;324@324.com
325;325;;325;325@325.com
326;326;;326;326@326.com
327;327;;327;327@327.com
328;328;;328;328@328.com
329;329;;329;329@329.com
330;330;;330;330@330.com
331;331;;331;331@331.com
332;332;;332;332@332.com
333;333;;333;333@333.com
334;334;;334;334@334.com
335;335;;335;335@335.com
336;336;;336;336@336.com
337;337;;337;337@337.com
338;338;;338;338@338.com
339;339;;339;339@339.com
340;340;;340;340@340.com
341;341;;341;341@341.com
342;342;;342;342@342.com
343;343;;343;343@343.com
344;344;;344;344@344.com
345;345;;345;345@345.com
346;346;;346;346@346.com
347;347;;347;347@347.com
348;348;;348;348@348.com
349;349;;349;349@349.com
350;350;;350;350@350.com
351;351;;351;351@351.com
352;352;;352;352@352.com
353;353;;353;353@353.com
354;354;;354;354@354.com
355;355;;355;355@355.com
356;356;;356;356@356.com
357;357;;357;357@357.com
358;358;;358;358@358.com
359;359;;359;359@359.com
360;360;;360;360@360.com
361;361;;361;361@361.com
362;362;;362;362@362.com
363;363;;363;363@363.com
364;364;;364;364@364.com
365;365;;365;365@365.com
366;366;;366;366@366.com
367;367;;367;367@367.com
368;368;;368;368@368.com
369;369;;369;369@369.com
370;370;;370;370@370.com
371;371;;371;371@371.com
372;372;;372;372@372.com
373;373;;373;373@373.com
374;374;;374;374@374.com
375;375;;375;375@375.com
376;376;;376;376@376.com
377;377;;377;377@377.com
378;378;;378;378@378.com
379;379;;379;379@379.com
380;380;;380;380@380.com
381;381;;381;381@381.com
382;382;;382;382@382.com
383;383;;383;383@383.com
384;384;;384;384@384.com
385;385;;385;385@385.com
386;386;;386;386@386.com
387;387;;387;387@387.com
388;388;;388;388@388.com
389;389;;389;389@389.com
390;390;;390;390@390.com
391;391;;391;391@391.com
392;392;;392;392@392.com
393;393;;393;393@393.com
394;394;;394;394@394.com
395;395;;395;395@395.com
396;396;;396;396@396.com
397;397;;397;397@397.com
398;398;;398;398@398.com
399;399;;399;399@399.com
400;400;;400;400@400.com
401;401;;401;401@401.com
402;402;;402;402@402.com
403;403;;403;403@403.com
404;404;;404;404@404.com
405;405;;405;405@405.com
406;406;;406;406@406.com
407;407;;407;407@407.com
408;408;;408;408@408.com
409;409;;409;409@409.com
410;410;;410;410@410.com
411;411;;411;411@411.com
412;412;;412;412@412.com
413;413;;413;413@413.com
414;414;;414;414@414.com
415;415;;415;415@415.com
416;416;;416;416@416.com
417;417;;417;417@417.com
418;418;;418;418@418.com
419;419;;419;419@419.com
420;420;;420;420@420.com
421;421;;421;421@421.com
422;422;;422;422@422.com
423;423;;423;423@423.com
424;424;;424;424@424.com
425;425;;425;425@425.com
426;426;;426;426@426.com
427;427;;427;427@427.com
428;428;;428;428@428.com
429;429;;429;429@429.com
430;430;;430;430@430.com
431;431;;431;431@431.com
432;432;;432;432@432.com
433;433;;433;433@433.com
434;434;;434;434@434.com
435;435;;435;435@435.com
436;436;;436;436@436.com
437;437;;437;437@437.com
438;438;;438;438@438.com
439;439;;439;439@439.com
440;440;;440;440@440.com
441;441;;441;441@441.com
442;442;;442;442@442.com
443;443;;443;443@443.com
444;444;;444;444@444.com
445;445;;445;445@445.com
446;446;;446;446@446.com
447;447;;447;447@447.com
448;448;;448;448@448.com
449;449;;449;449@449.com
450;450;;450;450@450.com
451;451;;451;451@451.com
452;452;;452;452@452.com
453;453;;453;453@453.com
454;454;;454;454@454.com
455;455;;455;455@455.com
456;456;;456;456@456.com
457;457;;457;457@457.com
458;458;;458;458@458.com
459;459;;459;459@459.com
460;460;;460;460@460.com
461;461;;461;461@461.com
462;462;;462;462@462.com
463;463;;463;463@463.com
464;464;;464;464@464.com
465;465;;465;465@465.com
466;466;;466;466@466.com
467;467;;467;467@467.com
468;468;;468;468@468.com
469;469;;469;469@469.com
470;470;;470;470@470.com
471;471;;471;471@471.com
472;472;;472;472@472.com
473;473;;473;473@473.com
474;474;;474;474@474.com
475;475;;475;475@475.com
476;476;;476;476@476.com
477;477;;477;477@477.com
478;478;;478;478@478.com
479;479;;479;479@479.com
480;480;;480;480@480.com
481;481;;481;481@481.com
482;482;;482;482@482.com
483;483;;483;483@483.com
484;484;;484;484@484.com
485;485;;485;485@485.com
486;486;;486;486@486.com
487;487;;487;487@487.com
488;488;;488;488@488.com
489;489;;489;489@489.com
490;490;;490;490@490.com
491;491;;491;491@491.com
492;492;;492;492@492.com
493;493;;493;493@493.com
494;494;;494;494@494.com
495;495;;495;495@495.com
496;496;;496;496@496.com
497;497;;497;497@497.com
498;498;;498;498@498.com
499;499;;499;499@499.com
500;500;;500;500@500.com
501;501;;501;501@501.com
502;502;;502;502@502.com
503;503;;503;503@503.com
504;504;;504;504@504.com
505;505;;505;505@505.com
506;506;;506;506@506.com
507;507;;507;507@507.com
508;508;;508;508@508.com
509;509;;509;509@509.com
510;510;;510;510@510.com
511;511;;511;511@511.com
512;512;;512;512@512.com
513;513;;513;513@513.com
514;514;;514;514@514.com
515;515;;515;515@515.com
516;516;;516;516@516.com
517;517;;517;517@517.com
518;518;;518;518@518.com
519;519;;519;519@519.com
520;520;;520;520@520.com
521;521;;521;521@521.com
522;522;;522;522@522.com
523;523;;523;523@523.com
524;524;;524;524@524.com
525;525;;525;525@525.com
526;526;;526;526@526.com
527;527;;527;527@527.com
528;528;;528;528@528.com
529;529;;529;529@529.com
530;530;;530;530@530.com
531;531;;531;531@531.com
532;532;;532;532@532.com
533;533;;533;533@533.com
534;534;;534;534@534.com
535;535;;535;535@535.com
536;536;;536;536@536.com
537;537;;537;537@537.com
538;538;;538;538@538.com
539;539;;539;539@539.com
540;540;;540;540@540.com
541;541;;541;541@541.com
542;542;;542;542@542.com
543;543;;543;543@543.com
544;544;;544;544@544.com
545;545;;545;545@545.com
546;546;;546;546@546.com
547;547;;547;547@547.com
548;548;;548;548@548.com
549;549;;549;549@549.com
550;550;;550;550@550.com
551;551;;551;551@551.com
552;552;;552;552@552.com
553;553;;553;553@553.com
554;554;;554;554@554.com
555;555;;555;555@555.com
556;556;;556;556@556.com
557;557;;557;557@557.com
558;558;;558;558@558.com
559;559;;559;559@559.com
560;560;;560;560@560.com
561;561;;561;561@561.com
562;562;;562;562@562.com
563;563;;563;563@563.com
564;564;;564;564@564.com
565;565;;565;565@565.com
566;566;;566;566@566.com
567;567;;567;567@567.com
568;568;;568;568@568.com
569;569;;569;569@569.com
570;570;;570;570@570.com
571;571;;571;571@571.com
572;572;;572;572@572.com
573;573;;573;573@573.com
574;574;;574;574@574.com
575;575;;575;575@575.com
576;576;;576;576@576.com
577;577;;577;577@577.com
578;578;;578;578@578.com
579;579;;579;579@579.com
580;580;;580;580@580.com
581;581;;581;581@581.com
582;582;;582;582@582.com
583;583;;583;583@583.com
584;584;;584;584@584.com
585;585;;585;585@585.com
586;586;;586;586@586.com
587;587;;587;587@587.com
588;588;;588;588@588.com
589;589;;589;589@589.com
590;590;;590;590@590.com
591;591;;591;591@591.com
592;592;;592;592@592.com
593;593;;593;593@593.com
594;594;;594;594@594.com
595;595;;595;595@595.com
596;596;;596;596@596.com
597;597;;597;597@597.com
598;598;;598;598@598.com
599;599;;599;599@599.com
600;600;;600;600@600.com
601;601;;601;601@601.com
602;602;;602;602@602.com
603;603;;603;603@603.com
604;604;;604;604@604.com
605;605;;605;605@605.com
606;606;;606;606@606.com
607;607;;607;607@607.com
608;608;;608;608@608.com
609;609;;609;609@609.com
610;610;;610;610@610.com
611;611;;611;611@611.com
612;612;;612;612@612.com
613;613;;613;613@613.com
614;614;;614;614@614.com
615;615;;615;615@615.com
616;616;;616;616@616.com
617;617;;617;617@617.com
618;618;;618;618@618.com
619;619;;619;619@619.com
620;620;;620;620@620.com
621;621;;621;621@621.com
622;622;;622;622@622.com
623;623;;623;623@623.com
624;624;;624;624@624.com
625;625;;625;625@625.com
626;626;;626;626@626.com
627;627;;627;627@627.com
628;628;;628;628@628.com
629;629;;629;629@629.com
630;630;;630;630@630.com
631;631;;631;631@631.com
632;632;;632;632@632.com
633;633;;633;633@633.com
634;634;;634;634@634.com
635;635;;635;635@635.com
636;636;;636;636@636.com
637;637;;637;637@637.com
638;638;;638;638@638.com
639;639;;639;639@639.com
640;640;;640;640@640.com
641;641;;641;641@641.com
642;642;;642;642@642.com
643;643;;643;643@643.com
644;644;;644;644@644.com
645;645;;645;645@645.com
646;646;;646;646@646.com
647;647;;647;647@647.com
648;648;;648;648@648.com
649;649;;649;649@649.com
650;650;;650;650@650.com
651;651;;651;651@651.com
652;652;;652;652@652.com
653;653;;653;653@653.com
654;654;;654;654@654.com
655;655;;655;655@655.com
656;656;;656;656@656.com
657;657;;657;657@657.com
658;658;;658;658@658.com
659;659;;659;659@659.com
660;660;;660;660@660.com
661;661;;661;661@661.com
662;662;;662;662@662.com
663;663;;663;663@663.com
664;664;;664;664@664.com
665;665;;665;665@665.com
666;666;;666;666@666.com
667;667;;667;667@667.com
668;668;;668;668@668.com
669;669;;669;669@669.com
670;670;;670;670@670.com
671;671;;671;671@671.com
672;672;;672;672@672.com
673;673;;673;673@673.com
674;674;;674;674@674.com
675;675;;675;675@675.com
676;676;;676;676@676.com
677;677;;677;677@677.com
678;678;;678;678@678.com
679;679;;679;679@679.com
680;680;;680;680@680.com
681;681;;681;681@681.com
682;682;;682;682@682.com
683;683;;683;683@683.com
684;684;;684;684@684.com
685;685;;685;685@685.com
686;686;;686;686@686.com
687;687;;687;687@687.com
688;688;;688;688@688.com
689;689;;689;689@689.com
690;690;;690;690@690.com
691;691;;691;691@691.com
692;692;;692;692@692.com
693;693;;693;693@693.com
694;694;;694;694@694.com
695;695;;695;695@695.com
696;696;;696;696@696.com
697;697;;697;697@697.com
698;698;;698;698@698.com
699;699;;699;699@699.com
700;700;;700;700@700.com
701;701;;701;701@701.com
702;702;;702;702@702.com
703;703;;703;703@703.com
704;704;;704;704@704.com
705;705;;705;705@705.com
706;706;;706;706@706.com
707;707;;707;707@707.com
708;708;;708;708@708.com
709;709;;709;709@709.com
710;710;;710;710@710.com
711;711;;711;711@711.com
712;712;;712;712@712.com
713;713;;713;713@713.com
714;714;;714;714@714.com
715;715;;715;715@715.com
716;716;;716;716@716.com
717;717;;717;717@717.com
718;718;;718;718@718.com
719;719;;719;719@719.com
720;720;;720;720@720.com
721;721;;721;721@721.com
722;722;;722;722@722.com
723;723;;723;723@723.com
724;724;;724;724@724.com
725;725;;725;725@725.com
726;726;;726;726@726.com
727;727;;727;727@727.com
728;728;;728;728@728.com
729;729;;729;729@729.com
730;730;;730;730@730.com
731;731;;731;731@731.com
732;732;;732;732@732.com
733;733;;733;733@733.com
734;734;;734;734@734.com
735;735;;735;735@735.com
736;736;;736;736@736.com
737;737;;737;737@737.com
738;738;;738;738@738.com
739;739;;739;739@739.com
740;740;;740;740@740.com
741;741;;741;741@741.com
742;742;;742;742@742.com
743;743;;743;743@743.com
744;744;;744;744@744.com
745;745;;745;745@745.com
746;746;;746;746@746.com
747;747;;747;747@747.com
748;748;;748;748@748.com
749;749;;749;749@749.com
750;750;;750;750@750.com
751;751;;751;751@751.com
752;752;;752;752@752.com
753;753;;753;753@753.com
754;754;;754;754@754.com
755;755;;755;755@755.com
756;756;;756;756@756.com
757;757;;757;757@757.com
758;758;;758;758@758.com
759;759;;759;759@759.com
760;760;;760;760@760.com
761;761;;761;761@761.com
762;762;;762;762@762.com
763;763;;763;763@763.com
764;764;;764;764@764.com
765;765;;765;765@765.com
766;766;;766;766@766.com
767;767;;767;767@767.com
768;768;;768;768@768.com
769;769;;769;769@769.com
770;770;;770;770@770.com
771;771;;771;771@771.com
772;772;;772;772@772.com
773;773;;773;773@773.com
774;774;;774;774@774.com
775;775;;775;775@775.com
776;776;;776;776@776.com
777;777;;777;777@777.com
778;778;;778;778@778.com
779;779;;779;779@779.com
780;780;;780;780@780.com
781;781;;781;781@781.com
782;782;;782;782@782.com
783;783;;783;783@783.com
784;784;;784;784@784.com
785;785;;785;785@785.com
786;786;;786;786@786.com
787;787;;787;787@787.com
788;788;;788;788@788.com
789;789;;789;789@789.com
790;790;;790;790@790.com
791;791;;791;791@791.com
792;792;;792;792@792.com
793;793;;793;793@793.com
794;794;;794;794@794.com
795;795;;795;795@795.com
796;796;;796;796@796.com
797;797;;797;797@797.com
798;798;;798;798@798.com
799;799;;799;799@799.com
800;800;;800;800@800.com
801;801;;801;801@801.com
802;802;;802;802@802.com
803;803;;803;803@803.com
804;804;;804;804@804.com
805;805;;805;805@805.com
806;806;;806;806@806.com
807;807;;807;807@807.com
808;808;;808;808@808.com
809;809;;809;809@809.com
810;810;;810;810@810.com
811;811;;811;811@811.com
812;812;;812;812@812.com
813;813;;813;813@813.com
814;814;;814;814@814.com
815;815;;815;815@815.com
816;816;;816;816@816.com
817;817;;817;817@817.com
818;818;;818;818@818.com
819;819;;819;819@819.com
820;820;;820;820@820.com
821;821;;821;821@821.com
822;822;;822;822@822.com
823;823;;823;823@823.com
824;824;;824;824@824.com
825;825;;825;825@825.com
826;826;;826;826@826.com
827;827;;827;827@827.com
828;828;;828;828@828.com
829;829;;829;829@829.com
830;830;;830;830@830.com
831;831;;831;831@831.com
832;832;;832;832@832.com
833;833;;833;833@833.com
834;834;;834;834@834.com
835;835;;835;835@835.com
836;836;;836;836@836.com
837;837;;837;837@837.com
838;838;;838;838@838.com
839;839;;839;839@839.com
840;840;;840;840@840.com
841;841;;841;841@841.com
842;842;;842;842@842.com
843;843;;843;843@843.com
844;844;;844;844@844.com
845;845;;845;845@845.com
846;846;;846;846@846.com
847;847;;847;847@847.com
848;848;;848;848@848.com
849;849;;849;849@849.com
850;850;;850;850@850.com
851;851;;851;851@851.com
852;852;;852;852@852.com
853;853;;853;853@853.com
854;854;;854;854@854.com
855;855;;855;855@855.com
856;856;;856;856@856.com
857;857;;857;857@857.com
858;858;;858;858@858.com
859;859;;859;859@859.com
860;860;;860;860@860.com
861;861;;861;861@861.com
862;862;;862;862@862.com
863;863;;863;863@863.com
864;864;;864;864@864.com
865;865;;865;865@865.com
866;866;;866;866@866.com
867;867;;867;867@867.com
868;868;;868;868@868.com
869;869;;869;869@869.com
870;870;;870;870@870.com
871;871;;871;871@871.com
872;872;;872;872@872.com
873;873;;873;873@873.com
874;874;;874;874@874.com
875;875;;875;875@875.com
876;876;;876;876@876.com
877;877;;877;877@877.com
878;878;;878;878@878.com
879;879;;879;879@879.com
880;880;;880;880@880.com
881;881;;881;881@881.com
882;882;;882;882@882.com
883;883;;883;883@883.com
884;884;;884;884@884.com
885;885;;885;885@885.com
886;886;;886;886@886.com
887;887;;887;887@887.com
888;888;;888;888@888.com
889;889;;889;889@889.com
890;890;;890;890@890.com
891;891;;891;891@891.com
892;892;;892;892@892.com
893;893;;893;893@893.com
894;894;;894;894@894.com
895;895;;895;895@895.com
896;896;;896;896@896.com
897;897;;897;897@897.com
898;898;;898;898@898.com
899;899;;899;899@899.com
900;900;;900;900@900.com
901;901;;901;901@901.com
902;902;;902;902@902.com
903;903;;903;903@903.com
904;904;;904;904@904.com
905;905;;905;905@905.com
906;906;;906;906@906.com
907;907;;907;907@907.com
908;908;;908;908@908.com
909;909;;909;909@909.com
910;910;;910;910@910.com
911;911;;911;911@911.com
912;912;;912;912@912.com
913;913;;913;913@913.com
914;914;;914;914@914.com
915;915;;915;915@915.com
916;916;;916;916@916.com
917;917;;917;917@917.com
918;918;;918;918@918.com
919;919;;919;919@919.com
920;920;;920;920@920.com
921;921;;921;921@921.com
922;922;;922;922@922.com
923;923;;923;923@923.com
924;924;;924;924@924.com
925;925;;925;925@925.com
926;926;;926;926@926.com
927;927;;927;927@927.com
928;928;;928;928@928.com
929;929;;929;929@929.com
930;930;;930;930@930.com
931;931;;931;931@931.com
932;932;;932;932@932.com
933;933;;933;933@933.com
934;934;;934;934@934.com
935;935;;935;935@935.com
936;936;;936;936@936.com
937;937;;937;937@937.com
938;938;;938;938@938.com
939;939;;939;939@939.com
940;940;;940;940@940.com
941;941;;941;941@941.com
942;942;;942;942@942.com
943;943;;943;943@943.com
944;944;;944;944@944.com
945;945;;945;945@945.com
946;946;;946;946@946.com
947;947;;947;947@947.com
948;948;;948;948@948.com
949;949;;949;949@949.com
950;950;;950;950@950.com
951;951;;951;951@951.com
952;952;;952;952@952.com
953;953;;953;953@953.com
954;954;;954;954@954.com
955;955;;955;955@955.com
956;956;;956;956@956.com
957;957;;957;957@957.com
958;958;;958;958@958.com
959;959;;959;959@959.com
960;960;;960;960@960.com
961;961;;961;961@961.com
962;962;;962;962@962.com
963;963;;963;963@963.com
964;964;;964;964@964.com
965;965;;965;965@965.com
966;966;;966;966@966.com
967;967;;967;967@967.com
968;968;;968;968@968.com
969;969;;969;969@969.com
970;970;;970;970@970.com
971;971;;971;971@971.com
972;972;;972;972@972.com
973;973;;973;973@973.com
974;974;;974;974@974.com
975;975;;975;975@975.com
976;976;;976;976@976.com
977;977;;977;977@977.com
978;978;;978;978@978.com
979;979;;979;979@979.com
980;980;;980;980@980.com
981;981;;981;981@981.com
982;982;;982;982@982.com
983;983;;983;983@983.com
984;984;;984;984@984.com
985;985;;985;985@985.com
986;986;;986;986@986.com
987;987;;987;987@987.com
988;988;;988;988@988.com
989;989;;989;989@989.com
990;990;;990;990@990.com
991;991;;991;991@991.com
992;992;;992;992@992.com
993;993;;993;993@993.com
994;994;;994;994@994.com
995;995;;995;995@995.com
996;996;;996;996@996.com
997;997;;997;997@997.com
998;998;;998;998@998.com
999;999;;999;999@999.com
1000;1000;;1000;1000@1000.com
1001;1001;;1001;1001@1001.com
1002;1002;;1002;1002@1002.com
1003;1003;;1003;1003@1003.com
1004;1004;;1004;1004@1004.com
1005;1005;;1005;1005@1005.com
1006;1006;;1006;1006@1006.com
1007;1007;;1007;1007@1007.com
1008;1008;;1008;1008@1008.com
1009;1009;;1009;1009@1009.com
1010;1010;;1010;1010@1010.com
1011;1011;;1011;1011@1011.com
1012;1012;;1012;1012@1012.com
1013;1013;;1013;1013@1013.com
1014;1014;;1014;1014@1014.com
1015;1015;;1015;1015@1015.com
1016;1016;;1016;1016@1016.com
1017;1017;;1017;1017@1017.com
1018;1018;;1018;1018@1018.com
1019;1019;;1019;1019@1019.com
1020;1020;;1020;1020@1020.com
1021;1021;;1021;1021@1021.com
1022;1022;;1022;1022@1022.com
1023;1023;;1023;1023@1023.com
1024;1024;;1024;1024@1024.com
1025;1025;;1025;1025@1025.com
1026;1026;;1026;1026@1026.com
1027;1027;;1027;1027@1027.com
1028;1028;;1028;1028@1028.com
1029;1029;;1029;1029@1029.com
1030;1030;;1030;1030@1030.com
1031;1031;;1031;1031@1031.com
1032;1032;;1032;1032@1032.com
1033;1033;;1033;1033@1033.com
1034;1034;;1034;1034@1034.com
1035;1035;;1035;1035@1035.com
1036;1036;;1036;1036@1036.com
1037;1037;;1037;1037@1037.com
1038;1038;;1038;1038@1038.com
1039;1039;;1039;1039@1039.com
1040;1040;;1040;1040@1040.com
1041;1041;;1041;1041@1041.com
1042;1042;;1042;1042@1042.com
1043;1043;;1043;1043@1043.com
1044;1044;;1044;1044@1044.com
1045;1045;;1045;1045@1045.com
1046;1046;;1046;1046@1046.com
1047;1047;;1047;1047@1047.com
1048;1048;;1048;1048@1048.com
1049;1049;;1049;1049@1049.com
1050;1050;;1050;1050@1050.com
1051;1051;;1051;1051@1051.com
1052;1052;;1052;1052@1052.com
1053;1053;;1053;1053@1053.com
1054;1054;;1054;1054@1054.com
1055;1055;;1055;1055@1055.com
1056;1056;;1056;1056@1056.com
1057;1057;;1057;1057@1057.com
1058;1058;;1058;1058@1058.com
1059;1059;;1059;1059@1059.com
1060;1060;;1060;1060@1060.com
1061;1061;;1061;1061@1061.com
1062;1062;;1062;1062@1062.com
1063;1063;;1063;1063@1063.com
1064;1064;;1064;1064@1064.com
1065;1065;;1065;1065@1065.com
1066;1066;;1066;1066@1066.com
1067;1067;;1067;1067@1067.com
1068;1068;;1068;1068@1068.com
1069;1069;;1069;1069@1069.com
1070;1070;;1070;1070@1070.com
1071;1071;;1071;1071@1071.com
1072;1072;;1072;1072@1072.com
